6201501;Desenvolvimento de programas de computador sob encomenda
6202300;Desenvolvimento e licenciamento de programas de computador customizaveis
6204000;Consultoria em tecnologia da informacao
4711302;Comercio varejista de mercadorias em geral com predominancia de produtos alimenticios
4751201;Comercio varejista especializado de equipamentos e suprimentos de informatica
5611201;Restaurantes e similares
6920601;Atividades de contabilidade
7020400;Atividades de consultoria em gestao empresarial
8630503;Atividade medica ambulatorial restrita a consultas
4120400;Construcao de edificios
